{"ResultSet":{"type":"web","totalResultsAvailable":391000000,"totalResultsReturned":10,"firstResultPosition":1,"moreSearch":"\/WebSearchService\/V1\/webSearch?query=madonna&amp;appid=jennyhan_ac&amp;region=us","Result":[{"Title":"Madonna","Summary":"Official site of pop diva Madonna, with news, music, media, and fan club.","Url":"http:\/\/www.madonna.com\/","ClickUrl":"http:\/\/uk.wrs.yahoo.com\/_ylt=A0PDB2NS39tJrCIACRjdmMwF;_ylu=X3oDMTB2cXVjNTM5BGNvbG8DdwRsA1dTMQRwb3MDMQRzZWMDc3IEdnRpZAM-\/SIG=11b0ktc7f\/EXP=1239232722\/**http%3A\/\/www.madonna.com\/","DisplayUrl":"www.madonna.com\/","ModificationDate":1239001200,"MimeType":"text\/html","Cache":{"Url":"http:\/\/uk.wrs.yahoo.com\/_ylt=A0PDB2NS39tJrCIAChjdmMwF;_ylu=X3oDMTBwOHA5a2tvBGNvbG8DdwRwb3MDMQRzZWMDc3IEdnRpZAM-\/SIG=163vk7r3e\/EXP=1239232722\/**http%3A\/\/66.218.69.11\/search\/cache%3Fei=UTF-8%26query=madonna%26output=json%26results=10%26appid=jennyhan_ac%26u=www.madonna.com\/%26w=madonna%26d=A_opCkxISlrH%26icp=1%26.intl=us","Size":"145030"}},{"Title":"Madonna - MySpace","Summary":"Madonna MySpace page features news, blog, music downloads, desktops, wallpapers, and more.","Url":"http:\/\/www.myspace.com\/madonna","ClickUrl":"http:\/\/uk.wrs.yahoo.com\/_ylt=A0PDB2NS39tJrCIADBjdmMwF;_ylu=X3oDMTB2ZjQ4dDExBGNvbG8DdwRsA1dTMQRwb3MDMgRzZWMDc3IEdnRpZAM-\/SIG=11iomp7sa\/EXP=1239232722\/**http%3A\/\/www.myspace.com\/madonna","DisplayUrl":"www.myspace.com\/madonna","ModificationDate":1239001200,"MimeType":"text\/html","Cache":{"Url":"http:\/\/uk.wrs.yahoo.com\/_ylt=A0PDB2NS39tJrCIADRjdmMwF;_ylu=X3oDMTBwZG5hOWwzBGNvbG8DdwRwb3MDMgRzZWMDc3IEdnRpZAM-\/SIG=16afib4o3\/EXP=1239232722\/**http%3A\/\/66.218.69.11\/search\/cache%3Fei=UTF-8%26query=madonna%26output=json%26results=10%26appid=jennyhan_ac%26u=www.myspace.com\/madonna%26w=madonna%26d=YjGIGUxISlm3%26icp=1%26.intl=us","Size":"110365"}},{"Title":"YouTube - madonna's Channel","Summary":"The Official Madonna YouTube Channel. Want to Subscribe? ... http:\/\/www.youtube.com\/Madonna. Sharing Options (close) There are 3 ways to share this channel.","Url":"http:\/\/youtube.com\/madonna","ClickUrl":"http:\/\/uk.wrs.yahoo.com\/_ylt=A0PDB2NS39tJrCIADxjdmMwF;_ylu=X3oDMTB2M3MzdmZoBGNvbG8DdwRsA1dTMQRwb3MDMwRzZWMDc3IEdnRpZAM-\/SIG=11e56s4mk\/EXP=1239232722\/**http%3A\/\/youtube.com\/madonna","DisplayUrl":"youtube.com\/madonna","ModificationDate":1239087600,"MimeType":"text\/html","Cache":{"Url":"http:\/\/uk.wrs.yahoo.com\/_ylt=A0PDB2NS39tJrCIAEBjdmMwF;_ylu=X3oDMTBwZ2dpZ2ZkBGNvbG8DdwRwb3MDMwRzZWMDc3IEdnRpZAM-\/SIG=166m2cvk7\/EXP=1239232722\/**http%3A\/\/66.218.69.11\/search\/cache%3Fei=UTF-8%26query=madonna%26output=json%26results=10%26appid=jennyhan_ac%26u=youtube.com\/madonna%26w=madonna%26d=aKtFg0xISl0d%26icp=1%26.intl=us","Size":"49955"}},{"Title":"Madonna Music Profile on IMEEM","Summary":"4 Minutes - Behind the Scenes (Music Video) by Madonna. Give It 2 Me (Music ... first disable your pop-up blocker or add imeem.com to your pop-up \"safe\" list.","Url":"http:\/\/www.imeem.com\/madonna","ClickUrl":"http:\/\/uk.wrs.yahoo.com\/_ylt=A0PDB2NS39tJrCIAEhjdmMwF;_ylu=X3oDMTB2OWM1MXQ5BGNvbG8DdwRsA1dTMQRwb3MDNARzZWMDc3IEdnRpZAM-\/SIG=11gek0pb4\/EXP=1239232722\/**http%3A\/\/www.imeem.com\/madonna","DisplayUrl":"www.imeem.com\/madonna","ModificationDate":1239087600,"MimeType":"text\/html","Cache":{"Url":"http:\/\/uk.wrs.yahoo.com\/_ylt=A0PDB2NS39tJrCIAExjdmMwF;_ylu=X3oDMTBwYzFnNmkxBGNvbG8DdwRwb3MDNARzZWMDc3IEdnRpZAM-\/SIG=168e3njvv\/EXP=1239232722\/**http%3A\/\/66.218.69.11\/search\/cache%3Fei=UTF-8%26query=madonna%26output=json%26results=10%26appid=jennyhan_ac%26u=www.imeem.com\/madonna%26w=madonna%26d=b89YRkxISl0e%26icp=1%26.intl=us","Size":"132531"}},{"Title":"Madonna | Music Artist | Videos, News, Photos &amp;amp; Ringtones | MTV","Summary":"Stay current on the latest Madonna music videos, news, tour dates, ringtones and more on MTV - the leader in music news, video premieres and entertainment online.","Url":"http:\/\/www.mtv.com\/music\/artist\/madonna\/artist.jhtml","ClickUrl":"http:\/\/uk.wrs.yahoo.com\/_ylt=A0PDB2NS39tJrCIAFRjdmMwF;_ylu=X3oDMTB2NW50aG1hBGNvbG8DdwRsA1dTMQRwb3MDNQRzZWMDc3IEdnRpZAM-\/SIG=1a8e7792i\/EXP=1239232722\/**http%3A\/\/rdrw1.yahoo.com\/click%3Fu=http%3A\/\/www.mtv.com\/music\/artist\/madonna\/artist.jhtml%26y=04EA3891AE02BA97B0%26i=482%26c=50125%26mcid=C4F83E4CDAE5E571%26q=02%255ESSHPM%255BL7r~%257Bpqq~6%26e=utf-8%26r=4%26d=wow~WBSV-en-us%26n=98T47GPVPBDKI559%26s=10%26t=%26m=49DBDF46%26x=05A04607090F6D4A17F45B1D645FA88F7A","DisplayUrl":"www.mtv.com\/music\/artist\/madonna\/artist.jhtml","ModificationDate":1235203200,"MimeType":"text\/html"},{"Title":"Madonnalicious","Summary":"Pictures, articles, downloads, concert info, news, and more about Madonna.","Url":"http:\/\/www.madonnalicious.com\/","ClickUrl":"http:\/\/uk.wrs.yahoo.com\/_ylt=A0PDB2NS39tJrCIAFxjdmMwF;_ylu=X3oDMTB2azJrdmpwBGNvbG8DdwRsA1dTMQRwb3MDNgRzZWMDc3IEdnRpZAM-\/SIG=11ioakrm7\/EXP=1239232722\/**http%3A\/\/www.madonnalicious.com\/","DisplayUrl":"www.madonnalicious.com\/","ModificationDate":1231142400,"MimeType":"text\/html","Cache":{"Url":"http:\/\/uk.wrs.yahoo.com\/_ylt=A0PDB2NS39tJrCIAGBjdmMwF;_ylu=X3oDMTBwYmwxdWo4BGNvbG8DdwRwb3MDNgRzZWMDc3IEdnRpZAM-\/SIG=16avvprvh\/EXP=1239232722\/**http%3A\/\/66.218.69.11\/search\/cache%3Fei=UTF-8%26query=madonna%26output=json%26results=10%26appid=jennyhan_ac%26u=www.madonnalicious.com\/%26w=madonna%26d=QO6U_UxISllE%26icp=1%26.intl=us","Size":"969"}},{"Title":"Madonna on MSN Music","Summary":"Find Madonna Songs, Photos, Music Videos, Artist News, Album Info and More on MSN Music.","Url":"http:\/\/music.msn.com\/artist\/?artist=16119704","ClickUrl":"http:\/\/uk.wrs.yahoo.com\/_ylt=A0PDB2NS39tJrCIAGhjdmMwF;_ylu=X3oDMTB2bDEyNXM5BGNvbG8DdwRsA1dTMQRwb3MDNwRzZWMDc3IEdnRpZAM-\/SIG=1b2jhlsvr\/EXP=1239232722\/**http%3A\/\/rdrw1.yahoo.com\/click%3Fu=http%3A\/\/inkt.trafficdashboard.com\/track.htm%253Fpid%253D16221546%2526kwid%253D35172811%2526cid%253D2354%26y=04CC4C749CDBC8C51B%26i=482%26c=49372%26q=02%255ESSHPM%255BL7r~%257Bpqq~6%26e=utf-8%26r=6%26d=wow~WBSV-en-us%26n=98T47GPVPBDKI559%26s=10%26t=%26m=49DBDF46%26x=05DDED05AFFE5610C9F65DE8C6943213DC","DisplayUrl":"music.msn.com\/artist\/?artist=16119704","ModificationDate":1238569200,"MimeType":"text\/html"},{"Title":"Madonna (I)","Summary":"Facts and filmography for the singer and actress.","Url":"http:\/\/www.imdb.com\/name\/nm0000187\/","ClickUrl":"http:\/\/uk.wrs.yahoo.com\/_ylt=A0PDB2NS39tJrCIAHBjdmMwF;_ylu=X3oDMTB2bTU4Zm85BGNvbG8DdwRsA1dTMQRwb3MDOARzZWMDc3IEdnRpZAM-\/SIG=11naktb2n\/EXP=1239232722\/**http%3A\/\/www.imdb.com\/name\/nm0000187\/","DisplayUrl":"www.imdb.com\/name\/nm0000187\/","ModificationDate":1233216000,"MimeType":"text\/html","Cache":{"Url":"http:\/\/uk.wrs.yahoo.com\/_ylt=A0PDB2NS39tJrCIAHRjdmMwF;_ylu=X3oDMTBwYTZ1aGtmBGNvbG8DdwRwb3MDOARzZWMDc3IEdnRpZAM-\/SIG=16f9aqhoa\/EXP=1239232722\/**http%3A\/\/66.218.69.11\/search\/cache%3Fei=UTF-8%26query=madonna%26output=json%26results=10%26appid=jennyhan_ac%26u=www.imdb.com\/name\/nm0000187\/%26w=madonna%26d=UbPu_Z2uSg3K%26icp=1%26.intl=us","Size":"131954"}},{"Title":"Madonna Rehabilitation Hospital","Summary":"Catholic facility devoted entirely to physical rehabilitation, serving all faiths.","Url":"http:\/\/www.madonna.org\/","ClickUrl":"http:\/\/uk.wrs.yahoo.com\/_ylt=A0PDB2NS39tJrCIAHxjdmMwF;_ylu=X3oDMTB2dW8yNmN0BGNvbG8DdwRsA1dTMQRwb3MDOQRzZWMDc3IEdnRpZAM-\/SIG=11b2j8tk8\/EXP=1239232722\/**http%3A\/\/www.madonna.org\/","DisplayUrl":"www.madonna.org\/","ModificationDate":1239001200,"MimeType":"text\/html","Cache":{"Url":"http:\/\/uk.wrs.yahoo.com\/_ylt=A0PDB2NS39tJrCIAIBjdmMwF;_ylu=X3oDMTBwOTRzYmZlBGNvbG8DdwRwb3MDOQRzZWMDc3IEdnRpZAM-\/SIG=163t88ggm\/EXP=1239232722\/**http%3A\/\/66.218.69.11\/search\/cache%3Fei=UTF-8%26query=madonna%26output=json%26results=10%26appid=jennyhan_ac%26u=www.madonna.org\/%26w=madonna%26d=O0ZJJ0xISldb%26icp=1%26.intl=us","Size":"12058"}},{"Title":"AbsoluteMadonna.com","Summary":"Latest news, forum, FAQ, lyrics, photos, and chart and award statistics.","Url":"http:\/\/www.absolutemadonna.com\/","ClickUrl":"http:\/\/uk.wrs.yahoo.com\/_ylt=A0PDB2NS39tJrCIAIhjdmMwF;_ylu=X3oDMTEwc3RuNTk4BGNvbG8DdwRsA1dTMQRwb3MDMTAEc2VjA3NyBHZ0aWQD\/SIG=11j96t4ut\/EXP=1239232722\/**http%3A\/\/www.absolutemadonna.com\/","DisplayUrl":"www.absolutemadonna.com\/","ModificationDate":1239001200,"MimeType":"text\/html","Cache":{"Url":"http:\/\/uk.wrs.yahoo.com\/_ylt=A0PDB2NS39tJrCIAIxjdmMwF;_ylu=X3oDMTBxNTUzbTg4BGNvbG8DdwRwb3MDMTAEc2VjA3NyBHZ0aWQD\/SIG=16b4dhkol\/EXP=1239232722\/**http%3A\/\/66.218.69.11\/search\/cache%3Fei=UTF-8%26query=madonna%26output=json%26results=10%26appid=jennyhan_ac%26u=www.absolutemadonna.com\/%26w=madonna%26d=YGiqwUxISlrj%26icp=1%26.intl=us","Size":"80850"}}]}}